{
  "member_id": "MEM12345",
  "profile": {
    "member_id": "MEM12345",
    "name": "Member 2345",
    "age": 51,
    "sex": "F",
    "conditions": ["HTN"],
    "tendencies": {
      "a1c_mean": 5.4,
      "a1c_sd": 0.3,
      "hgb_mean": 12.8,
      "hgb_sd": 1.1,
      "sbp_mean": 142,
      "sbp_sd": 12,
      "dbp_mean": 88,
      "dbp_sd": 8
    }
  },
  "events": [
    {
      "ts": "2025-05-04",
      "ts_iso": "2025-08-05T16:05:10Z",
      "type": "MED_REFILL",
      "payload": {
        "drug": "Atorvastatin 20 mg",
        "days_supply": 90,
        "pharmacy": "GoodHealth Pharmacy",
        "refill_date": "2025-07-07T00:26:07Z",
        "adherence_estimate": 0.74
      }
    },
    {
      "ts": "2025-05-25",
      "ts_iso": "2025-07-28T15:53:02Z",
      "type": "VITALS",
      "payload": {
        "bp_systolic": 146,
        "bp_diastolic": 91,
        "heart_rate": 65,
        "resp_rate": 13,
        "spo2": 98,
        "temp_c": 38.1,
        "bmi": 35.0,
        "source": "Home device"
      }
    },
    {
      "ts": "2025-06-16",
      "ts_iso": "2025-07-23T13:41:16Z",
      "type": "VITALS",
      "payload": {
        "bp_systolic": 149,
        "bp_diastolic": 83,
        "heart_rate": 91,
        "resp_rate": 22,
        "spo2": 98,
        "temp_c": 38.0,
        "bmi": 21.3,
        "source": "Clinic"
      }
    },
    {
      "ts": "2025-06-19",
      "ts_iso": "2025-07-21T13:04:07Z",
      "type": "MED_REFILL",
      "payload": {
        "drug": "Atorvastatin 20 mg",
        "days_supply": 90,
        "pharmacy": "GoodHealth Pharmacy",
        "refill_date": "2025-07-21T18:45:37Z",
        "adherence_estimate": 0.81
      }
    },
    {
      "ts": "2025-07-06",
      "ts_iso": "2025-07-01T04:33:50Z",
      "type": "MED_REFILL",
      "payload": {
        "drug": "Metformin 500 mg",
        "days_supply": 30,
        "pharmacy": "MediPlus Pharmacy",
        "refill_date": "2025-05-31T13:56:15Z",
        "adherence_estimate": 0.95
      }
    },
    {
      "ts": "2025-07-09",
      "ts_iso": "2025-06-25T19:48:30Z",
      "type": "MED_REFILL",
      "payload": {
        "drug": "Lisinopril 10 mg",
        "days_supply": 60,
        "pharmacy": "CareFirst Rx",
        "refill_date": "2025-07-22T21:28:12Z",
        "adherence_estimate": 0.73
      }
    },
    {
      "ts": "2025-05-10",
      "ts_iso": "2025-06-21T01:54:47Z",
      "type": "ADT_ADMIT",
      "payload": {
        "facility_id": "FAC1002",
        "facility": "Riverbend Medical",
        "reason": "Fever",
        "disposition": null
      }
    },
    {
      "ts": "2025-05-21",
      "ts_iso": "2025-06-09T06:29:56Z",
      "type": "LAB_RESULT",
      "payload": {
        "test_name": "Sodium",
        "value": 143.3,
        "unit": "mmol/L",
        "ref_range": "135-145 mmol/L",
        "flag": "N",
        "performing_lab": "Pinecrest Diagnostics",
        "lo": 135,
        "hi": 145,
        "observation_id": "OBS976069"
      }
    },
    {
      "ts": "2025-07-24",
      "ts_iso": "2025-06-05T06:20:54Z",
      "type": "APPOINTMENT",
      "payload": {
        "appt_type": "Cardiology",
        "provider": "Dr. L. Chen",
        "location": "Telehealth",
        "start_iso": "2025-05-22T16:10:46Z",
        "status": "Scheduled"
      }
    },
    {
      "ts": "2025-08-08",
      "ts_iso": "2025-05-23T08:52:54Z",
      "type": "APPOINTMENT",
      "payload": {
        "appt_type": "Endocrinology",
        "provider": "NP R. Gomez",
        "location": "Oak Valley Medical Office",
        "start_iso": "2025-05-28T17:06:20Z",
        "status": "Scheduled"
      }
    },
    {
      "ts": "2025-07-13",
      "ts_iso": "2025-05-18T09:11:45Z",
      "type": "VITALS",
      "payload": {
        "bp_systolic": 161,
        "bp_diastolic": 82,
        "heart_rate": 88,
        "resp_rate": 19,
        "spo2": 100,
        "temp_c": 38.3,
        "bmi": 30.8,
        "source": "Home device"
      }
    },
    {
      "ts": "2025-06-06",
      "ts_iso": "2025-05-09T06:42:44Z",
      "type": "ADT_DISCHARGE",
      "payload": {
        "facility_id": "FAC1003",
        "facility": "Sunrise Clinic",
        "reason": null,
        "disposition": "Home"
      }
    },
    {
      "ts": "2025-08-11",
      "ts_iso": "2025-04-25T10:11:20Z",
      "type": "ADT_ADMIT",
      "payload": {
        "facility_id": "FAC1002",
        "facility": "Riverbend Medical",
        "reason": "Chest pain",
        "disposition": null
      }
    },
    {
      "ts": "2025-08-09",
      "ts_iso": "2025-04-20T13:57:18Z",
      "type": "ADT_ADMIT",
      "payload": {
        "facility_id": "FAC1001",
        "facility": "Oak Valley Hospital",
        "reason": "Shortness of breath",
        "disposition": null
      }
    }
  ]
}
