{
  "member_id": "MEM12345",
  "profile": {
    "member_id": "MEM12345",
    "name": "Member 2345",
    "age": 51,
    "sex": "F",
    "conditions": ["HTN"],
    "tendencies": {
      "a1c_mean": 5.4,
      "a1c_sd": 0.3,
      "hgb_mean": 12.8,
      "hgb_sd": 1.1,
      "sbp_mean": 142,
      "sbp_sd": 12,
      "dbp_mean": 88,
      "dbp_sd": 8
    }
  },
  "events": [
    {
      "ts": "2025-06-16",
      "ts_iso": "2025-08-10T08:25:21Z",
      "type": "CLAIM",
      "payload": {
        "cpt": "83036",
        "icd10": ["E78.5"],
        "amount": 206.75,
        "place_of_service": "22-OP Hospital"
      }
    },
    {
      "ts": "2025-06-07",
      "ts_iso": "2025-08-08T17:29:13Z",
      "type": "MED_REFILL",
      "payload": {
        "drug": "Metformin 500 mg",
        "days_supply": 90,
        "pharmacy": "MediPlus Pharmacy",
        "refill_date": "2025-05-06T09:11:48Z",
        "adherence_estimate": 0.82
      }
    },
    {
      "ts": "2025-05-12",
      "ts_iso": "2025-08-05T09:13:38Z",
      "type": "CLAIM",
      "payload": {
        "cpt": "80050",
        "icd10": ["I10", "E03.9"],
        "amount": 275.37,
        "place_of_service": "23-ED"
      }
    },
    {
      "ts": "2025-05-25",
      "ts_iso": "2025-07-26T01:00:44Z",
      "type": "VITALS",
      "payload": {
        "bp_systolic": 128,
        "bp_diastolic": 94,
        "heart_rate": 101,
        "resp_rate": 12,
        "spo2": 99,
        "temp_c": 38.4,
        "bmi": 28.5,
        "source": "Home device"
      }
    },
    {
      "ts": "2025-06-19",
      "ts_iso": "2025-07-17T00:33:37Z",
      "type": "ADT_DISCHARGE",
      "payload": {
        "facility_id": "FAC1002",
        "facility": "Riverbend Medical",
        "reason": null,
        "disposition": "SNF"
      }
    },
    {
      "ts": "2025-05-31",
      "ts_iso": "2025-07-07T22:22:02Z",
      "type": "LAB_RESULT",
      "payload": {
        "test_name": "Creatinine",
        "value": 0.81,
        "unit": "mg/dL",
        "ref_range": "0.6-1.3 mg/dL",
        "flag": "N",
        "performing_lab": "MetroLab",
        "lo": 0.6,
        "hi": 1.3,
        "observation_id": "OBS346080"
      }
    },
    {
      "ts": "2025-08-05",
      "ts_iso": "2025-07-03T11:06:02Z",
      "type": "LAB_RESULT",
      "payload": {
        "test_name": "Ferritin",
        "value": 175.46,
        "unit": "ng/mL",
        "ref_range": "20-250 ng/mL",
        "flag": "N",
        "performing_lab": "MetroLab",
        "lo": 20,
        "hi": 250,
        "observation_id": "OBS337160"
      }
    },
    {
      "ts": "2025-07-15",
      "ts_iso": "2025-06-12T14:07:13Z",
      "type": "ADT_ADMIT",
      "payload": {
        "facility_id": "FAC1003",
        "facility": "Sunrise Clinic",
        "reason": "Syncope",
        "disposition": null
      }
    },
    {
      "ts": "2025-04-23",
      "ts_iso": "2025-05-28T09:14:02Z",
      "type": "ADT_DISCHARGE",
      "payload": {
        "facility_id": "FAC1003",
        "facility": "Sunrise Clinic",
        "reason": null,
        "disposition": "SNF"
      }
    },
    {
      "ts": "2025-08-10",
      "ts_iso": "2025-05-17T06:31:57Z",
      "type": "ADT_DISCHARGE",
      "payload": {
        "facility_id": "FAC1001",
        "facility": "Oak Valley Hospital",
        "reason": null,
        "disposition": "Rehab"
      }
    },
    {
      "ts": "2025-07-11",
      "ts_iso": "2025-05-05T17:08:37Z",
      "type": "CLAIM",
      "payload": {
        "cpt": "85025",
        "icd10": ["D50.9"],
        "amount": 161.39,
        "place_of_service": "22-OP Hospital"
      }
    },
    {
      "ts": "2025-07-02",
      "ts_iso": "2025-05-02T10:54:19Z",
      "type": "CLAIM",
      "payload": {
        "cpt": "99213",
        "icd10": ["M54.5"],
        "amount": 222.48,
        "place_of_service": "22-OP Hospital"
      }
    },
    {
      "ts": "2025-07-04",
      "ts_iso": "2025-04-24T09:49:15Z",
      "type": "ADT_DISCHARGE",
      "payload": {
        "facility_id": "FAC1001",
        "facility": "Oak Valley Hospital",
        "reason": null,
        "disposition": "Home w/ Home Health"
      }
    },
    {
      "ts": "2025-07-18",
      "ts_iso": "2025-04-16T23:39:54Z",
      "type": "ADT_ADMIT",
      "payload": {
        "facility_id": "FAC1002",
        "facility": "Riverbend Medical",
        "reason": "Shortness of breath",
        "disposition": null
      }
    }
  ]
}
