{
  "member_id": "MEM12345",
  "profile": {
    "member_id": "MEM12345",
    "name": "Member 2345",
    "age": 51,
    "sex": "F",
    "conditions": [
      "HTN"
    ],
    "tendencies": {
      "a1c_mean": 5.4,
      "a1c_sd": 0.3,
      "hgb_mean": 12.8,
      "hgb_sd": 1.1,
      "sbp_mean": 142,
      "sbp_sd": 12,
      "dbp_mean": 88,
      "dbp_sd": 8
    }
  },
  "events": [
    {
      "ts": "2025-07-01",
      "ts_iso": "2025-08-08T23:59:02Z",
      "type": "CLAIM",
      "payload": {
        "cpt": "83036",
        "icd10": [
          "J06.9"
        ],
        "amount": 63.85,
        "place_of_service": "11-Office"
      }
    },
    {
      "ts": "2025-07-26",
      "ts_iso": "2025-08-08T03:51:42Z",
      "type": "MED_REFILL",
      "payload": {
        "drug": "Lisinopril 10 mg",
        "days_supply": 30,
        "pharmacy": "GoodHealth Pharmacy",
        "refill_date": "2025-08-03T18:46:40Z",
        "adherence_estimate": 0.73
      }
    },
    {
      "ts": "2025-07-09",
      "ts_iso": "2025-08-06T18:00:31Z",
      "type": "LAB_RESULT",
      "payload": {
        "test_name": "Sodium",
        "value": 137.56,
        "unit": "mmol/L",
        "ref_range": "135-145 mmol/L",
        "flag": "N",
        "performing_lab": "MetroLab",
        "lo": 135,
        "hi": 145,
        "observation_id": "OBS873723"
      }
    },
    {
      "ts": "2025-07-11",
      "ts_iso": "2025-07-26T09:08:45Z",
      "type": "CLAIM",
      "payload": {
        "cpt": "99214",
        "icd10": [
          "I10",
          "R73.03"
        ],
        "amount": 116.9,
        "place_of_service": "22-OP Hospital"
      }
    },
    {
      "ts": "2025-05-10",
      "ts_iso": "2025-07-14T01:47:23Z",
      "type": "MED_REFILL",
      "payload": {
        "drug": "Atorvastatin 20 mg",
        "days_supply": 90,
        "pharmacy": "CareFirst Rx",
        "refill_date": "2025-06-14T04:06:21Z",
        "adherence_estimate": 0.79
      }
    },
    {
      "ts": "2025-07-29",
      "ts_iso": "2025-07-12T03:40:53Z",
      "type": "VITALS",
      "payload": {
        "bp_systolic": 156,
        "bp_diastolic": 88,
        "heart_rate": 107,
        "resp_rate": 14,
        "spo2": 100,
        "temp_c": 36.2,
        "bmi": 28.8,
        "source": "Clinic"
      }
    },
    {
      "ts": "2025-07-17",
      "ts_iso": "2025-06-08T04:27:48Z",
      "type": "LAB_RESULT",
      "payload": {
        "test_name": "Sodium",
        "value": 140.9,
        "unit": "mmol/L",
        "ref_range": "135-145 mmol/L",
        "flag": "N",
        "performing_lab": "Pinecrest Diagnostics",
        "lo": 135,
        "hi": 145,
        "observation_id": "OBS280129"
      }
    },
    {
      "ts": "2025-04-24",
      "ts_iso": "2025-05-20T14:48:40Z",
      "type": "MED_REFILL",
      "payload": {
        "drug": "Lisinopril 10 mg",
        "days_supply": 90,
        "pharmacy": "MediPlus Pharmacy",
        "refill_date": "2025-05-24T01:49:54Z",
        "adherence_estimate": 0.71
      }
    },
    {
      "ts": "2025-07-25",
      "ts_iso": "2025-05-20T04:46:51Z",
      "type": "LAB_RESULT",
      "payload": {
        "test_name": "Creatinine",
        "value": 1.04,
        "unit": "mg/dL",
        "ref_range": "0.6-1.3 mg/dL",
        "flag": "N",
        "performing_lab": "MetroLab",
        "lo": 0.6,
        "hi": 1.3,
        "observation_id": "OBS710996"
      }
    },
    {
      "ts": "2025-06-04",
      "ts_iso": "2025-05-17T20:45:59Z",
      "type": "ADT_DISCHARGE",
      "payload": {
        "facility_id": "FAC1002",
        "facility": "Riverbend Medical",
        "reason": null,
        "disposition": "Rehab"
      }
    },
    {
      "ts": "2025-06-02",
      "ts_iso": "2025-05-15T05:13:15Z",
      "type": "MED_REFILL",
      "payload": {
        "drug": "Metformin 500 mg",
        "days_supply": 60,
        "pharmacy": "MediPlus Pharmacy",
        "refill_date": "2025-07-10T00:31:56Z",
        "adherence_estimate": 0.97
      }
    },
    {
      "ts": "2025-04-27",
      "ts_iso": "2025-05-08T16:01:48Z",
      "type": "CLAIM",
      "payload": {
        "cpt": "99213",
        "icd10": [
          "E03.9",
          "M54.5"
        ],
        "amount": 99.02,
        "place_of_service": "22-OP Hospital"
      }
    },
    {
      "ts": "2025-08-10",
      "ts_iso": "2025-04-23T07:29:46Z",
      "type": "MED_REFILL",
      "payload": {
        "drug": "Metformin 500 mg",
        "days_supply": 30,
        "pharmacy": "CareFirst Rx",
        "refill_date": "2025-06-24T23:23:06Z",
        "adherence_estimate": 0.82
      }
    },
    {
      "ts": "2025-04-17",
      "ts_iso": "2025-04-14T14:03:31Z",
      "type": "APPOINTMENT",
      "payload": {
        "appt_type": "Cardiology",
        "provider": "Dr. L. Chen",
        "location": "Oak Valley Medical Office",
        "start_iso": "2025-05-31T18:50:04Z",
        "status": "Scheduled"
      }
    }
  ]
}