[
  {
    "ts": "2025-07-01",
    "ts_iso": "2025-08-07T12:46:49Z",
    "type": "CLAIM",
    "payload": {
      "cpt": "83036",
      "icd10": [
        "D50.9",
        "E03.9"
      ],
      "amount": 245.99,
      "place_of_service": "22-OP Hospital"
    }
  },
  {
    "ts": "2025-08-01",
    "ts_iso": "2025-07-27T16:07:40Z",
    "type": "VITALS",
    "payload": {
      "bp_systolic": 123,
      "bp_diastolic": 79,
      "heart_rate": 97,
      "resp_rate": 21,
      "spo2": 100,
      "temp_c": 37.9,
      "bmi": 29.0,
      "source": "Home device"
    }
  },
  {
    "ts": "2025-07-29",
    "ts_iso": "2025-07-17T15:02:03Z",
    "type": "LAB_RESULT",
    "payload": {
      "test_name": "Potassium",
      "value": 1.86,
      "unit": "mmol/L",
      "ref_range": "3.5-5.1 mmol/L",
      "flag": "L",
      "performing_lab": "MetroLab",
      "lo": 3.5,
      "hi": 5.1,
      "observation_id": "OBS488002"
    }
  },
  {
    "ts": "2025-05-16",
    "ts_iso": "2025-07-16T07:58:49Z",
    "type": "MED_REFILL",
    "payload": {
      "drug": "Lisinopril 10 mg",
      "days_supply": 30,
      "pharmacy": "MediPlus Pharmacy",
      "refill_date": "2025-06-14T10:18:14Z",
      "adherence_estimate": 0.99
    }
  },
  {
    "ts": "2025-07-11",
    "ts_iso": "2025-07-15T19:33:45Z",
    "type": "ADT_ADMIT",
    "payload": {
      "facility_id": "FAC1001",
      "facility": "Oak Valley Hospital",
      "reason": "Fever",
      "disposition": null
    }
  },
  {
    "ts": "2025-05-24",
    "ts_iso": "2025-05-18T12:04:57Z",
    "type": "LAB_RESULT",
    "payload": {
      "test_name": "Hemoglobin",
      "value": 10.92,
      "unit": "g/dL",
      "ref_range": "11.5-16.0 g/dL",
      "flag": "L",
      "performing_lab": "MetroLab",
      "lo": 11.5,
      "hi": 16.0,
      "observation_id": "OBS755334"
    }
  },
  {
    "ts": "2025-06-12",
    "ts_iso": "2025-05-12T06:51:59Z",
    "type": "ADT_ADMIT",
    "payload": {
      "facility_id": "FAC1003",
      "facility": "Sunrise Clinic",
      "reason": "Shortness of breath",
      "disposition": null
    }
  },
  {
    "ts": "2025-07-27",
    "ts_iso": "2025-05-06T06:57:39Z",
    "type": "APPOINTMENT",
    "payload": {
      "appt_type": "Cardiology",
      "provider": "Dr. M. Patel",
      "location": "Telehealth",
      "start_iso": "2025-04-19T07:44:34Z",
      "status": "No-Show"
    }
  },
  {
    "ts": "2025-06-10",
    "ts_iso": "2025-05-03T16:51:45Z",
    "type": "VITALS",
    "payload": {
      "bp_systolic": 132,
      "bp_diastolic": 82,
      "heart_rate": 88,
      "resp_rate": 17,
      "spo2": 93,
      "temp_c": 36.7,
      "bmi": 20.9,
      "source": "Home device"
    }
  },
  {
    "ts": "2025-05-06",
    "ts_iso": "2025-04-19T19:50:22Z",
    "type": "MED_REFILL",
    "payload": {
      "drug": "Metformin 500 mg",
      "days_supply": 30,
      "pharmacy": "GoodHealth Pharmacy",
      "refill_date": "2025-06-25T00:15:29Z",
      "adherence_estimate": 0.95
    }
  },
  {
    "ts": "2025-05-07",
    "ts_iso": "2025-04-18T18:28:12Z",
    "type": "ADT_ADMIT",
    "payload": {
      "facility_id": "FAC1002",
      "facility": "Riverbend Medical",
      "reason": "Hyperglycemia",
      "disposition": null
    }
  },
  {
    "ts": "2025-06-18",
    "ts_iso": "2025-04-18T11:23:23Z",
    "type": "ADT_DISCHARGE",
    "payload": {
      "facility_id": "FAC1001",
      "facility": "Oak Valley Hospital",
      "reason": null,
      "disposition": "Home w/ Home Health"
    }
  },
  {
    "ts": "2025-05-12",
    "ts_iso": "2025-04-14T03:55:10Z",
    "type": "APPOINTMENT",
    "payload": {
      "appt_type": "Lab Draw",
      "provider": "Dr. L. Chen",
      "location": "Oak Valley Medical Office",
      "start_iso": "2025-05-08T10:43:43Z",
      "status": "Rescheduled"
    }
  },
  {
    "ts": "2025-06-29",
    "ts_iso": "2025-04-13T22:26:58Z",
    "type": "CLAIM",
    "payload": {
      "cpt": "80050",
      "icd10": [
        "E11.9",
        "R53.83"
      ],
      "amount": 97.18,
      "place_of_service": "11-Office"
    }
  }
]